serial,hostname,software,hw-class,hw-type,group,customer,configuration,location,longitude,latitude,hashkey,Ovpmgt*/ovpmgt/autoconf/polling-period,Ovpmgt*/ovpmgt/autoconf/manager/__index_0/url,Ovpmgt*/ovpmgt/port/__index_7/ip-address,Ovpmgt*/ovpmgt/port/__index_7/ cidr-mask,Ovpmgt*/ovpmgt/port/__index_8/ip-address,Ovpmgt*/ovpmgt/port/__index_8/ cidr-mask,Forti*/vnf/Forti/customization/FORTINET-LICENSE,Forti*/vnf/Forti/customization/FORTIGATE-PWD,Forti*/vnf/Forti/customization/FORTIGATE-IP-PORT1,Forti*/vnf/Forti/customization/FORTIGATE-PREF-PORT3,Forti*/vnf/Forti/customization/FORTIGATE-GATEWAY,Forti*/vnf/Forti/customization/FORTIGATE-HOSTNAME,Forti*/vnf/Forti/customization/FORTIGATE-TIMEZONE,Forti*/vnf/Forti/customization/FORTIGATE-POP-PUBLIC-IP,Forti*/vnf/Forti/customization/FORTIGATE-VPN-PSK-SECRET,Forti*/vnf/Forti/customization/FORTIGATE-BGP-AS-NUMBER,Forti*/vnf/Forti/customization/FORTIGATE-DEALER-PREFIX,Forti*/vnf/Forti/customization/FORTIGATE-LOCAL-DOMAIN-NAME,Forti*/vnf/Forti/customization/FORTIGATE-VM-MAC-PREFIX,Forti*/vnf/Forti/customization/FORTIGATE-VM1-HOSTNAME,Forti*/vnf/Forti/customization/FORTIGATE-VM10-HOSTNAME,D3client*/vnf/D3client/start-delay,D3client*/vnf/D3client/port/__index_0/mac-address,D3client*/vnf/D3client/customization/d3vm-docker,D3client*/vnf/D3client/customization/d3vm-hostname,D3client*/vnf/D3client/customization/d3vm-password,Linux1*/vnf/Linux1/start-delay,Linux1*/vnf/Linux1/port/__index_0/mac-address,Linux1*/vnf/Linux1/customization/LINUX-VAR
009835107577184,MyDevice1,OneOS-OVP-X86_pi2dev-6.6.x1_3.2.10.1,OVP,OVP-X26,Demo-Group,Admin,MSC_4_DemoD3-8,"City of Brussels, Brussels-Capital, Belgium",4.351697,50.8465573,OPV,65,https://onemanage.vw-poc.eu/OneManage/bootstrap/server.php,10.255.254.2,24,10.255.253.2,24,"-----BEGIN FGT VM LICENSE-----
QAAAAH/VVtpa8w/l30zSiIq1bJmwRi9WahhhlZaNlfzZe69cLcx4MZXnw9RE2HVv
2ZsnvBgPdp3Xpe90RhV+4LuyT1LQGQAA2OLpBBhOxg39CDadB9OPHskdAe5o2OrM
ebAWmey0gX8ZW+NbnmW/ucGAtQiSESj93Ti/b97A6m5ab7USS0NYNE5E3EdUiPf0
zPAmFkHXUtsVmKxrJPNm+M+xnEmYPk7+UXQSPPE21wD8+BDXKw7TvjrH02Qqqung
gl4fwVZ+TM9jJGGkiHVT2qOYi5A3/K8Wp4HE/Xd2GXa4zewS++hN5pRflGM0NU6F
3zFAEllS06OZgYSn1ur6pYGM/rSIYxfbP9RbbqYjaxq2tJVA/rMOuXdbbCOWfIAx
jSw64aI9TWBxz1vEWfs7o7YkwT27rpvznmCj5Kb8pzwoRWHW7ulJAg+3dxFTT2Em
EB/BtKo8Chozks2Wh52nHoaVz0DIn3QM7DJcSnzeitDQOy0Eac4pCF+4uBXPfS8k
Ynkr3HtoyaQSvhqW48UYMzQxD9VljQtTbuIyF0L6n5r3DEYD9+tw6TI/vg4Ryzpe
OO8dnYcyaIJPqu7jmU1L8T99uyLc1uDtGYFCWhFhXUNoszX6ZcqYr8IWjscOjIG7
9Dgm6pdvjYG8luzropLptQQ63cxtqg5vUQEnijqu5O9mAS993eouguGXh1KVcy+p
lX9won6xIVyhqiQKWrnNgR9b8iTi60DhrQpl8uXv0pTYnfxj0Nsx27Ks+VBSlyok
Q8HTM+h2cUYOMvJ1BZ9Lb/HAXQYGxI3Dz/3WARG5oDWJwieiUpL+wG3Ra3aHW7hV
rvUKe//DtWUEb7p1+S7Us3bNg6QCUkxVIM8RfZn3Kcv8W5irJ/Pipj1iU9P8KdqH
r8KZ7kGNXTB+ikLPFeSrAGS4y16xkdK4gCzukcTUaATMFWwRwJiNRk83T/isPTn4
OPKUVUMx/tzOd8wVoSl3qk2LXa1c7RFQYcNY7QSBD6QUGG9dNMc3YPlKo2UJOf0i
s1hG1me8VT08EeoASSQvt0dr7oiGs1qeDY+nWFX0yxzDKJ1ED+FJinTq2GllWWuo
0oK/FIv7baHpbnORHtbCBbIlkGTvNG8pvIi54G7OAIuaClv+liOBWAQSmHu1jeqM
5uecCZp2WmfGBan0ihjFz8XkVkCMkG0wKyJclCTugmiAyX7+BxQ4SYyZXA3V64GK
TRDOwGc83x6YXwe/Mf1fskGEf2unO3gWc4ImjC0yDEqd+5h8r/y9kWuVF2qN9dGy
GvlkgqQrrD4PAWHnkFyv/38ePCOltYRiW3jClFftChKN2IKhBY10pFRf7u9SM1FO
g6WwgjkkNhRLx37M0HGE8lc8wVY1u3IzTmr+7YyiWnkQerG9MqhgnvC45xsdi6ON
g9/l5LTVevXBm94DjqGglfe+0rg9Z5B47sMSfy+022mdszwF1JS6crLamGUrGH/H
dGN7WKBs5URodALynKm9ieNSGH3OZE8zh/6AwvaqgkWdopNbwOwztjLKW/J+1+a1
pC68SXg5gk5tmFjisx80yEuVPYu2XOY9ahTvgSYXi+fP6QWkVDqBTzyK2nJFDc07
Xwd67/95oenLnZ8jq+yzWlVSVAyuPU8q4y89FeiakFIxdrGNto1M4FlEONcjxIWk
8g4fqu9EM1SBjum9AXjjiJsozMD8aVg4yryXoAJ9oz2U60slhNKKMMtAX01nuDRE
azA1TooQbugrltgvwBOGWw+iLWjg7ULb8e9UW7OnRm680weZTNxRCrxnp/+zQYCS
xN6tftNVV+HD5J85ciBGUXS5B122TVnGLjjpWSTIiCtQOrpEYT45tdhAMXTXvIj0
EldXQ4gNWv6WHe37FAYykn8c/MQ3wZt+6cgHk8SXFN7r4m/8pw7oy7JiEShW9OaI
fiyEMMvE80oD1mYaz2zOxdgznTv7WR07+ls1Y3Tol2DocDqyhWlo4SZsGH5u8oJa
/768Rm4YGMBG2z1Xbx4VMq+zmquF+TIjmHSIF4hh/GYotr9HgeOz7Njce51x5ZF6
u4LPTaTHCdnYxFw4f0satvOhhD7PIemkbtGlcd7N8RYuxKbh9nxtwYvypxYTaTWd
qvH2F5p9Rxc5M803wS5wia6FJalRboc6SZo95RjL57/31Je3SJoaLG39Mt0cyZxF
1q8IKWlLDSdm9aG2GoElORgRqvhUZqgAPfAKVp39NRQAXqloqukbeOCakZxN4E1E
ALl1G2ugxekAaSp939RLOkbZtXLm3odisAcJWNASXF5FX+mPCuUantLu947wouCL
oXlVxAVVFxtOdRLka5AwcOMyq46SCFrRfYmRpZekMp21jPnLKDPSKdoE/gxFCJv5
tWfSJZMyS6R414wP0sjQ5xQ/3Q8sECSaH9Bm2h42CxjxG676CP4ZyP1uCsOjMH4C
8CwxrXAHkDDu8DeFEM4lhChsLALXnSHkmVlWnSkBNQR8/Prg/C9DrsH7nyTCpiwn
0rZqYCmxNfm4EevmuBF5cYbGudroS7apu+Z+yhd/FadpO3XcCi2Eg+wDcfD0b4Hx
nvqu1bcLmkNX2iXPeeUDyryV8ZfPmySr5O8ibwolkJCIFfJ55Plk+D1l8Me1liDN
B+rtbOYOl5NYBiLQj1DBpESlEZkjUhbTo+n3LqmZOGToJYfAByNUY+rSowf2FQXr
4goGN3vPembamXkakrdCqRyRqxvfowiko3x7T/ytU5wnFgxiX2pkV6S+mC3B9X/x
8yIkLWsPdkyPbCXJAM8IFA6VNH3fba1rcrcj+dSj1La4Wei8rlECH2vNseuxb3Qt
PuPewKHfRATto2n04PwpVrXMIbBmMROzk7aSqo0hpzHGxTuKXLmxZsXdmaGm4Q9a
Cr/FlAaGY/+IznM+SaSwFo1ye6BsSYJMZwGXqqFgC/tdSSl8bDdBl2aGN723ozgx
0ny2ePurgCo9lRi0haaSoXB+81ERmKArYxJ+iuUKrBIVCAGXyYeUmw356+ihuTdW
XvXN9B8AFM1hP1wQT0sePi94G7UT+P1KfbDgZMjWPGujvz2PnSKzBQl/p7aHQ+JQ
315DkqQj7c/3FBvHC0C4sxR6Sg7pHIcfDsRf0I7GNyp7DA8BnEG9tc6rnjf48Bpv
JnNF5NH7KFE9NWQDk5OzD/Aqd1rfrI+Om+8z6tnnfDyaR1jTJEu2LCWGbjYWKgxl
C2KNiGuWpc0PS31G3a707leREP8K0meQX4NDEojeUl8lVXZQiaWPBlKmOvisU/rZ
mDOucrCqeHYsDhLtnocDNEfcKCYcV8c9nKHo58CkW1GY9/CX6sbSb0TnMvNeZJH1
r9VB9vKZZ0sLkwUeCjZoyecOCVnJAiP73iNVd7AlsK0ZrOahxbhkg1kqhnAJ4q4q
FPxU5VEkV7HuOS7DtIuW1GWh9ojD8Kkx5yLRV7PAHAnd3L169HTkxaqYbTyxdO+o
8XGEqmaVxCIRfofvXkgjDOAu+sh/sXhrURjosMEgv8mWhnmBpimJbW845axzuuUg
2SmwBTFAc+oYX9pSSKhV7uyNFsAGvORdvB42VjnFyd54+dHXS2gOKdlW3r/pH30d
saLMfexxOJj05Z4TamrJhW2f7wKOZhV2zigixWkYTbOkXIK9UqBbrNmZquhQODjy
2YZGZVsWtB+dd/sbiXoFWihaMQqhfPlyGxa/Jt4jf1QzKQSAorGJ9ThC58H5U13G
jQuDtu4TBiu0bbCZFmK9VVVVYKr29BZ2YIqBfLynO8olLw1Sjwca4fdfLaIx6X0p
Nu8eEHk01frBw2NZWIE0hkmuJ+qUU72EZeXR9gkBx/sTUi85QbrqvOMbVPck2BkD
LOXi0jJt6yV4wFcN/3pg+VwUlBoBexgY2CDC4/SGQevl2FOJLsQE5JQ9WiKlJwyw
hUaSyuDmKaO40/G9G0FXqhzm9LrNo0xwhGEsHTSQ/4BOPlQ/7kLoUyyJrQFcsTCG
w2R7flLCBsJ0055Bvxcga9V2jP32iywGetwSQV+WVHKI6wwDqLxzMpJwfqAnS0th
aJpcFpC+zSfY+nksal6E8IoKNoPHy+upPr2iTcnZ2Q/xEJxlb8UmFVU4vw91zI4H
oYEmJ2uy2WeBZtC1CnFSY9V64BmLFU1jVVXZCutlchizbECrMYvpGvESC5XWKY6X
TcXIabhGs5aAq/GZIcCmn1MScqOJaMODrjSzBod3eTFXOV7t3rB4d4qI9STY4SML
kMqkIp9S8BYtMAUNTwuoCG0K24ywQbAcBZWHd2yPyimZzrcMVxxyny+vuCKZhRL+
JkQlZaV7y5zn3fuu91fEwARz5fTABINcwovUMTaDshfol5pbupU4oaztTEFdIdRF
admHvQVNKwqO/8A9XtbndFlCT19yzDSo7ubjvF1wx0HYksLnNhzBYRtcfiburnDw
yjuHapuJ+3kJu4XFbNZ1awymF8gtX9aL0eRul+0CWFbU4km0LFHE/QW7Y9rv6p7q
tc74Y8KEW2SZFNkxNKdsnKymX2b3wKCBXd5yziazKmGY6jN/H2qo6kTxgov2rvo9
J4aIxWKZ92exLUPCvVAX4vyGeFFDIbGaxMwkKaBMal5Jy/g/QxmjyEM0cPSjphs6
FiRhOWX8J8YF3S7jN5mOU/lg0lu/5QaEYJUtmfMgESd2r0FxqwyUCPPF5l1T2R5+
lCQ6P4V45z8TZjbcuy80p01j3yuO/F7pUEEdQoSi+naDavx0w+eouXVCOH2oQtbU
ArLTikvJxcRxIuLs9dfKEXobfP6L+SzmFq5lLT9zlgt14QCWxKiu++IoiI7qcoaf
iJX1HMoAdnio65FmGEUBp1WHpW8Upgg3NDqEe/BFU8EgZUX1t74Woao1n1TkaG4y
dOdaNDOf2p4x5nDxaRN1vx1DGf2aNYYW9xHvsGyFlCIz/6Gvuqm6BCS7tswGBq0v
97hQMEs6x6/tyxDH80mJMK2s+edYk/Mq2L8RbU9dIJIgxhHygZXxv7ILzKXS7V/m
+NAhCQ7/j5n+huqadK1H1MkUh5eBQLQnqb2GfdYCT4gYDOLANSay/NSKZnbjX6ZI
0N5TlY63WizuN+l+fve2zUzj8EQRVeN/f//3SqK+6m0OrDXcg5yM3N/FYIJ08hkN
okm7mi7oJ5CbNXhhe8qlaiG5vMJX1YmD3JBvRYhAuLCLrq4n/PiI/A2ji4CFfqnp
8tKAoc4YlnUVPkxkyE9jRRHb4sFeAtg+ri3ZJPxK6kvhD/lDxzX1WPvcaRAy81nf
h69/u1EuW0lKISZbYyHnT4//9VdH0z739OUzm9xsSAyWYbdpshUaAdMg4y10tUof
jI5XxItHQuWGFL2J3OlEY7JqApVqgtDpFTq8IDiEPVW5MDPXhYQ9jsupu+mPf6LW
HOzqVHxu87Ir+bQ62nkTgjO9xYhMXj1cXYu3Tcc06dFNE96TYt04iaK701Au7db9
ZmcdHn7xTLWFXCuCIlf1NzS7N+V1H4oAssz84VSch+WzuqjelWUS86Qchl+sQpP1
DWgDg5+ahxhIcCWXVfu1cTAD3vRU+BLGpgOeUJBnlXhgu9XCak47HyDiDbaDPQ2r
HPOfD/3ljZsM0tyhRDj+A9z2eaalZNiFjyxxpzMCDKkPiHezVgPFR3sVn7ba/cgI
Gm6WY+wTKbIOD9nqhRSDubYa0N5bi4Pv/c8VeLCWcIqQaIYBjldwHXBORK5J0R63
h+dEIDqrQTPh7ZSWPbYkGRYCA8eC8bs4NEae9XVSZw+JfpCwRF2eHBlMTSnwv9iq
XDUR39W8FUvFgn8S7Lgfhe8arwxS8IKmR2uSPWovyIQJL7FY//a70K7H3PUFwF0z
aHM8AZiJcMKqseYb4oOeJTK/lNMQ43UGotS3ySgW49hlIxDYRB04bbbDWibONbz4
M6IHh5Gf4IesMUfgpgY1xVYgRztiHP4CS862qDrzXsBAGdo9e2O2LoKKzyaUr11q
CpvbKBEsnMySa7sUElVal1YazuzW09dyogCL9aILRar5gOg9rXlY8ibkZy+y4GU+
P8sNnjfVdYooLWtuQ1YG7pKudJ4q/HHNpUzCUQaBESWMP/c3QaFeGM/v4E9i6Kr1
oyGxlZ6SR52Kj5LHF+YpqDq54RSkCF0W+cFSERKKSAo6BA726bC9qW6OsOm3PrRe
rDwxK/MXW5/WnCPzADMeUYqhvxAuK1GsGrypruzZAkhV3gRFwDkNklUvWH9cZSQA
jjVzYacZOhGvpdU6ZJm5U1YtYamZzcYMqAT76hfKHKs7A7V4G4e0SXSINxgQwTFw
498QV7p86BP2JjXTL1onGt6/KkbFhjFwoukwoHH79Q79B+viNxC3wKgo/wm09lJQ
jxZ8GzVS5mdpI4T4+HanQKef0f8gMud17eysOnTwz4axBKuIXJLagrpjob9U8Gmq
U8+IrQRCGmLb1CUYpBrA3GDnOkGUsjGXKEIacaYJZBHh13lYL6ucyqLp3Db9/KZU
IAynh9DQUZaOp/5B4Nut5bzWcACI2p9sOBJwB/nYcvmXidiNWzXt6L8v6x/M69yB
VikJMDk4BaDEGlnPNuuuyxZSgFk0/e50kF1MGHJKXIpEAtjloP5RzFFVjUf+AeI4
Ope8A4AbaefFAUJh+AQIoPKYsIS8fjm+KAukXqDDPzCY6Cj/K8MSynHjrQD0re22
YZyKI3uWpKzPvt91sxm4vJwrL5QVfzMmf65jG77QnyJC5Yuui+hrS+9xAdUr3grB
sj0FduV09BYze9tE+Ut3vBq90aYOz4bWpbkQ+ARGlv6Zea/BBgNxMaTIbTikmBGs
2mq9QXTTccV4EbD0ieT4aYIj0tRkvKK53GZAHISFpeOOZmsLmMKRLY5/sbJoBIuT
fPWULeFRS0D2NnJrj+HZRFl5wcvlEH0S+EBLNr9FKgDpxLGq5e/KSKArOFbkCeKB
hQpuFAyIc76xrejF1XMc2ly50KECfOP/lff2zUEey2hT8PHbShWzNLTmbaY6KGPT
l7V9hA0g0Cola/cnRCcY1AmenzWT4ycN8BtLmdpcBXHNZ8jQZ4xqE0AEVzqsC6gG
CH/80c1JpiEhBobTK8lVpDKL6pnGUbnTgnthSPwO8wbS/piyp72r29CjvWU/EzXp
bmei4bVJNubp0IJx26teT/1RYRtnb4AsBsvsskZD1gSKuWMb+4at2fLDblaA0HsU
uV7EFA4s4YcvuvYjpkm0A+FgHdZTofzXQjohGkh5wCVvJuNZOHS68TNznWMbyfN8
kGcLuwMzBRjUi18RFCdUSSzmeDbPw71WNHK1CAqY+1zIWFN607tICAHAIBgHgiVo
kHn8UawkYqevWbmlySOB3BKlJsLaCx22BCN3UWp3MBOjxdW4c54KVMTgb6uF+GRC
6Gf9p6SFgO4UXRESWgnmcfaasOnUJ5oBhSD8qolTofJ4Y+aQj9Os10tVj5UuZHdm
rWrCgIvaG7VBP0P72qVdaXAqSLw1JEf1+w8G6ToDpyWgPdKATm4fIWLJGC//1H4l
ohqRoR1pjN6OafUDrM97tc4k8VlOwQmmCvwXkztP600X4qsDJREcjPIoPZLRHQtc
UAYsU0VnCcR9NiQlyLKhLlw0PdGnsGgp+k3cmBmPiAz+3px8ANRpIyyVioJ7Zkp4
0qWbWm+ak293njjYwlujjQQc4RkM8UJe3HbF61GzsiE+SBEyu7zStc4Zn5bLAfhH
ospGoLIJ4vRq8+9knC1JtMBTog6vZT4uVLnPAGlLAMrU6o31gG86w7DDtYWSPj32
YzuBSuFRD7MCP+wgRYSB6GC8KS4J8IeFHnignyPyCM1Kxwt5KAhrn12D4dvFP8+b
EwwPPZpqCfWqglL9hzX+hoRoDa2XKKvcZE6P1XBu0SzpIXi5SZMDngCRnOvlgtU0
0dgZ/JRv3p0+wul7mkYjPSVYTD/oB57Draq3UFQ/t4qxb+73zMp/MT5sN1IxkTnJ
fYl+EeTd2HFTpXO0w3BMgDbi9TUSNV2iuilm758JbFMdumNfX5HbAlekgAcEChBI
7XmdV1qmQ+qY/0N+lqu0RoUcr45fpZ7kANFpQoXaudIOTWdlojO6cXKF0dj91yIA
xp8NL5Ck6shyFx2uaNYBchgoi+sdM1oA9n7XMiN+bO/5n3eoF1Hc5sAYRXUkSRry
LUqz+3hUF3vatxXHJT3ufE4lxwGdhFcTpBcZcOIDHg04XzHaQL9FTNzN1tKJSdqw
JvQwj65Oll+3dAQ8vUF6jfMoBlS9939sKg4E5NMrop/+L8PhiSSSmQ+ykNTsD848
1apWvnXCoJ6D9iALyMX3OxgboHIduFUTMTtrRA+/W3E7eOzPe9vBmCxFGDWYqakz
l1CTJQd9Msdg/aYVuqrAz9rxALFowoTOPN6R6t8EtfmdtniC8026DoP2jcHoBImZ
Wb09nZgTxkmhzZf8dwtfT0vgVk1HgnpkUfNBEQtYTRthEW0qz39KN+1rRRYMP+mN
S5mcfLdu94OsztHu6b8iTpk7DBSULxecguv/BTeI5faoJ0IlF2RbYhgDEFnUfcLX
PIkqYmeVQNVxxr2+NbO80QxJkp5oH0JzWPSvLg3m73qas0lN8xDfpJ2Vs8XvrToQ
b4gcN3Nh3injiUZ/dYWQOWmnQgAc95xW7xy3Ou1AayfQv0QfmUt1TyAg+Ajl72et
MBHEYWZ1tr+NbnY3/oRZGl7t1f4+WgT7r1C1cZaA/CIAqCbVajUsLhQtKmsojPQV
jH7wn1DicVPdVCnKlzEoceItq7GM2ayJgirM+qpwCqeEL6QcplxKJkVE1NFNSN/D
v0TUz5TqBSgnnZtSkcB4/rDWYFrpLSSMA7eU03S78xVl77cLGK233q7S73vlr86e
8bf6UzL1Oe/AbV8zLHSRe5raztd4d1hwlm7o++/NFvv9WYINF48usZKAB2DJxHb8
hf/ends37ZQ=
-----END FGT VM LICENSE-----",12QWer,10.255.255.2 255.255.255.252,10.50.1,10.255.255.1,Forti-Dealer1,5,18.159.11.7,1234QWer2021!,65501,10.50.0.0 255.255.240.0,myvw.local,AA:00:00:00:00,D3client1,MyLinux1,420,AA:00:00:00:00:01,"sudo docker run -d --privileged --restart=unless-stopped --net=host -v /etc/kubernetes:/etc/kubernetes -v /var/run:/var/run rancher/rancher-agent:v2.5.5 --server https://mcm.frankfurt.cc.europe.d3vw-i.com --token xsqxkkqbc9zjvpx89hv6bjmgrtdsmxx6xn7thjntdbw2cxgx4d5q9l --worker
",D3client1,1234QWer,420,AA:00:00:00:00:10,
000618670574666,MyDevice2,OneOS-OVP-X86_pi2dev-6.6.x1_3.2.10.1,OVP,OVP-X26,Demo-Group,Admin,MSC_4_DemoD3-8,"City of Brussels, Brussels-Capital, Belgium",4.351697,50.8465573,OPV,65,https://onemanage.vw-poc.eu/OneManage/bootstrap/server.php,10.255.254.2,24,10.255.253.2,24,"-----BEGIN FGT VM LICENSE-----
QAAAAMOLX+409t3MJjilNMaXG1M/T/Ss9uiEV17LW/kKcF1zM5zkeZk3GmZzKjlJ
7NKE4zFzoxioyRweu8FqfPyHRufQGQAAz4Y5kAw1hlTAkHOWcLcpD58Bbzy2xBW0
hU1XmiS9JLxHULO21QwgBAieyb/jzNTx0JTYAPFM7L4IGMYGTe7CruSb/uVOfsX0
KXHLZe4NwkbxqaJohGNaHgKcf1Z/hKeCUo1kIuiIrtxpLvQ3/gKVo0KrD3na94zY
H6vcm2U8lTnvDsWZMaxvuXxY9aCukaLFRKKFfAkCZGaLnfqzqfnDE0+qnObqbr6U
xeCMOqdHf2gWn4BxEmUJqid2qdHB3YDwLpWr6iNxgyraRryWNVp7kQk5Xob85uHn
4MtQFDUlSYgzzEB6DkhmyChSxmksyL5qxxOjEdRf3CG4MVuNvhINbjnGANgi9Jpw
N1Upgqq8XeK6TZ6vOg0Si1nLZ6gquCaGVcrlJ+azHqEFcaJtIYIg4ME3Qj2UYNTi
2Cie02WbsdNwMa/VIGtzqbAV/zL3DsoYhx9xPNWqX9pJOkQV590ZS3ZvJH2TjQLo
8LoQoZ+eDDfEAt3f3O+TWfFi4+UFifIFSKvUC7D4GY8ZK/O/ovrhn6pb6eLM9Ayc
fuQRelHXSsXf32OP6h1mNvzvPwjf4H665zTXYCwYM4PLZM5yP80Qp4KN0HlrYCfb
vosP0Sb3rqurwnwd/Q3CVjK+OHMgY04Ut6WgtWo7dXxdxqN7DSMxR4gtcgX1kwGn
kNY+DypFtpzjI0TQll2kVasMrc7asS2v1lOIDrUgxn0V6MNSBjzL6OOBzC/iH9dx
WW/6fFoYrmgcomo5YREpIHjzjyx7VO9pgBCji7FsSi3187MHpGZEbXgz81/M4A5g
y6LxFuoLa5laQhYD+BTWOjPawOBD4vTFP7bNP9m65uMlGNOTehYHWRCYBQOrbEGA
XlDBLe3YQEtROCVBzG92mBWJfJuOGuMw3guvl87zLeKjytdLDWOkfuPcVCv9AaB3
YsRmyAOpfCSGws4Qi0ZH2oVxZ9mtJqhJK31QrjoDni1b4vPKoQrbXEPB2sQaQO2O
Uff38HTYdLH8/sX80widUBrB2W/5uKDJVBfRy6259sfLzvDATMxeT1AvJjGh8SEB
8WAkxNWN7fbK/z+jLbI40n2njEZ8BAPJdzTxl3S/adN+3mIqzppsc8XqMvIawH26
hAGkKgkh8AVPVaJvQgeA2R+gaXHZANSaJtQmwSi2GGs6MlE3FokILFPhNbdG1++R
Nz9CiCZkxuRmLcPXXH0z6R8wW/gg5Hp6dZfkM7xumqnE3dvzVnyap+E6EUyGo5BU
3f9kN2wxU3Cj3me+/stZ4IwXr7dckKUEA3DmtOLKoAJF2cFwddJXiXlluVcWQEyk
FQuPu0x9J5cuCGFtdyRszbwrK1cWRZlkPmYum9FJeQ4nhkFT9XSsE+eow8xeEZ+Q
vkniPm7/I48xrJrBKiH9nGU2WVMxnFI321o/GvXKG4kKxJUeQimEVUgirwl19YQo
ae3z0P2O4pxBqPExR/ReavsP8DwMHlqgpAysowWTMeFMI508i9zi4UUwYtG8WmiV
xLavd0L+d6fRil79oihxq7z1UGG/mkq4f6XPZJEDtTbyvzL+x1whpdTBUBZjJQvL
32SJCVXZQQSACIqf0592Jua9H2SjHl/jIdUexYhshkhrYvnlqefbVvAmy2RAakVL
GbviqURw0kbxzynymvM0vfFag+FihmrcNg7A+HsdRMpXuLNvHLySKcuZE49tQQ8j
fh++jxwaiU8ARPxGokGlupUC7pRS5SYZIRXBj+HUA/dILLSGe9YLYUbkmuwLQIf6
e6sg6zHa/RZd3Qe6VIAvwxc7q6NqJRbdjH1XEQmvKUiObMuJcYiD5gmRAmmAMkan
+pJPoBiK77OtZaGn4jJfSpyxtV4jfAJeoaKy/ICDR5/hCNyO7KwFhQ7ZFOXG1o30
r1suoywTeOBM4AjG+lOSEWe6j0gbQNP180GBpOwGoNy8z/gOR3c/qnB3h3d8YtVS
Ms309Q9l4Tz1hLLua0rT+o4sWGvTyGSsY+U6JXtI2HWA9cHyU9tiAm84nqYmgCxd
Einaw2KFMEve04yL6HeWs6iDyho8mxHU3C0yvoCpuWAbyVT6KJSiAzsYUtk2C7ix
FT9YOiVRoXoAFHj1q1VwGUGLpbaz67PnfVYM/e+rd4j9ufu1ciPE/CkNvKH48cXP
l02ZKXIacdubuApJHU3cnxQSRMZwTQ9E0BO+kYhDHTLnMpjxrwvby3hNSMDvPwpt
rMkT8tD89/nLuZ/ARZlXQuRWes9NhwBGxOm2thcw3mXHLUXZou2WYQFN/br1bP9o
okIo/gBhc1/die8C1Y9G2aPI18TmxN6WiUCPotEmOYvkhUlBKDspwP0iTuPuNgfp
LphD12n7FzsxvmtAKaqWjhF/waxhUdQiGjzNESZnzyr9To8nU1msTvxP6K3/Vabc
nX40jkG3UHQjSjGaQlSCW8KVVwd7o0wGr9OVi4qUk6G66WXbt+IflVMEt/ZiW57y
H6prj1t0SorJ53Y6YWbpjGYlZecgJXW3xpRvKBcU9FpnQij6dqclxgViyw4MvU6Y
sMuuy1GQ7tRAMFontiSFE3yD69+/SH+BU6gT4YGiHZqshouG32wSgyub/JL0grJY
OSP3KT2MsZ8Mvjcx+Ic+PnoTU8Kq3L+VkWT+P/u9bCzzoUeTl4FmROh2YqLOQ63f
qWibvMKQqHx5lOzs8ATLGPvURi0THc5PBy7zqNfq42LMcncwU6GITJFA9e1WP0kx
JewHnh27vzCumO8yvVHpGp95qdJPETlyo3Z0dNkreBIs4KfP9CTvN6Tvn382E7+1
7I5/oJKuA1O6FXe5OtxsYAF8sePaFIg1NeSCNxEDw4DRYSmCUzIkGQO8kvF12vng
ywGXADxtbDchpPA1YFZlISHsFt1rC0jaGqtP+U1gShJumgMHBBKONr3efXSBBZ6B
q1cLvjV2i262Sy1e552yAMOMdtgZIfFZdQeyQjFIrWq4vJ8qAHc/uz0hKsRYtTqG
lPPq426ZQRl/+wZ9noSnNEhZYmCvrG/IrStm5b4ZAtHtay9lh/efcIzfVXk4Ql4z
7uy9PKNm+vBFPRpHdUqwRhttONwpM3IL7l2ki64VKTV+tUCV3qR8bCEYxxzrG3sv
K0cv9DdkeJMriJkJkK0S8lS9MHhaW5xfrM2rrHu8hU49/23Da6QyjiK/pqcHxH6l
Ty19dKq1VZkX8+dxfjnbkT2e05162ri4aKKV+bURLHkuOzcp9G2BGVGK0RoJWEeV
TDyzPozthAVjHFzjQnJef3OuHnQg7xbPcSFhoxUdVjtWLXiwraIOgOb+lmHI98bb
EpOEcJvWZ+t2WqzmQNMLSmjdmIQvGzfchk/6alziop4Qm4XBSjwcMiwMfN6VDLYm
6304ijYKSeYcEEtgG8XUZsRa/ttA/jEYWzJupyuWu65pSY/IS4n6Q/QSb+bTr5KS
Dq4iDNUC9o9IwJfjV+4uw/YBUoLPRvcfs12xt2UET0l50QEVTw9SNVFZvBFjez2Q
m5vueMuL8LmboYkDdGY1rl+qvX3fU/kTjxuavN+OUrxJNe6ihtcmKFIFF98bW48g
fOHKpuU4DJAJorBEqZk4jF5+hj6a7Bfr09yCIprQZlKtM4O48NkPI5c+HhCesxWk
1zRSgPJuqrbvUUtQwlBbuhUJ4OZJz272vYLSrVDUVJ1YxrJIzmafK58KsJ3MTT0L
0M36hrmnxWGZjJauobn3IblQI9reEVr4M8wv/7+tNK1HDlzxcOaX+P+8oBOojD7W
mKEJeiBRHJ8VL42OE2Ig1rG7U3NP87d06rXj4+WyFrh5z94okZUPzFWVulsC3a1Y
K0CGnXyZRezarlK5loCi/7FD3Ol7i/jT5kq895KdIkypTRJGGI32Ga2Z8ReV8/8l
zuJOIzwB1eZL4i96lua51B0Jl9HzTl80bhKfg/rS+bvKUJfjgf3DOfXO4EgzROb6
wVsonhvOnEB8yfaRINADe5p3X29zVPUR+b8OQQOYm26WHS5vw3RC/IFT2HfflyP2
dty5Q/EFE7jDkTZuJ554CnHQt8mwHbXAM4DIQyqiDp7iR1KuQ6Y8GFrayiBH4LHi
Rzpuz9QAH8eorBGF+xOw51GOp2P3TWESJxt9eKDCCyODeabp8lwb/CVPcnYFQPLi
Qs+fJhool4W3K9C0yQ4beo0d2D/3I5el3WWJgyVXz3GQVR9UOP5Hw3pMU8ofgBAF
GpA6vynQZtDvVq4Aerue+X9ndDFXlQ8h8MYwWWignfFpMjbeMkx6jVNJP76pfVOP
d6yWRG+WI+xtA81+zB/MF2DwHrhVdaDOjMs5h+eIfkmfn0Q7CHcSyLTkFkIzNcgt
sGjmIKySQkT0m2i0hNT/H4EcrzRHoi9E9xFVLi0J18c1b7eafKkh5SIbpRTmuzCV
nt5CIeUAH/ydOYF/4602aXWjEAH9MzHCK5IfZHYhtvwp3l10m9jUwpHT3TKsazX2
HQfmCbTKx14u2oXbuQcxCqhFCILIe54r6oUdvgv2ScvPYUEkCmnOAQ6PS5iLlEUV
ktd51ImylkacrsNvaO+9VleOLpyv2JS7tV8FAenSMincZmWPX3jB+pBTGmnN7J65
8ncCz8oi4A0cxMPL+PG4ESD9/9sLZ0rPXXGYyfJBBg7DXp81HxjINRft+NemzssT
t/4xxwAFEGdaH7bhe9IxJy3zfr6Lgdwow++qhNq3xlbIEaSP4RE4mWVdGf/SQui7
4CBkKN9M6CNujiXo/5dF+Q67AfQIvmqwHSjy4iYm+Ugozkcoaz4xv7CbKuM3bn4y
RJiNf/sX8rIA1Je4r2tDOV55HHYk1mfTyuJgAG3sooa9i5N6XuxqyfV/eSkNcdEM
YrPDGjSEpnCU2CcLWwHZUtNs7OLcX608s0a7nLDpv7itQGsXaSjZnchYdLDpXbAY
gVlO61rXTxh9QQPJkFB2BWMsLpgJ3tUIhRx4SIznCAjEBmIBu7JsQp66uoKlXePD
DmHXjeh/O1/eU3+b0ewXa01lJH4tlh6WLLjIENv5RxpmGGPN1fXDP+QACwCEXMjS
J0ZQzAnjbZSvDBnw34sYDgN7C1DvyQTpsBuYmpBEq1Z01HdlivGsmyx1EQWHiqXI
5MfuTY8mDXaFSkQK4pGBoJu6sydf/6tOGs8+MPG92kLOUCAXInesV5Bwn1JHwN/Q
hNffN75i+DAYFQ99v1IRcK4D8NLEBCL1prqOiaiiJfhojKbFYOKb7jhFL0Q2LoFA
f7x12cWHTOW67FUEm4c2YrvIU0T0FWN7hEKTCWCeuxeyzdSbqTcBrRpOZFPDiurt
Pm3ljdOeOEXIv1D8k6ta5OZGVpmg94qbo7b8liooJ6oJ5/dxOVlfA5pe4r3bwQDX
SNjxmLPpAprPuwd/r2kwthc6keVheMXgOoYsVFivxlufudTuJ9Ae384ll0bsXus9
iGs5tq4t2Nh6xrbOrNrVRM7txCL8kAfn+HO1HSdwPtXZPXlpPhItRBe2v2OR+2hv
JLo02pwdC4qdpnEj6Mt772w+GfR/At4ElCfGFLapR4457kIj40g5FfP2zwrFSR9G
jYXCRabnFnxsYqVDHWEgr/++73OlKf8zZbhSbRIGDri3TXvE4UyQwXqlaeJMm5TJ
oUhb9zkIFPxVGbodxYoQ5QhKTwFSe8WZD/ZoKTsxBpekwgWu0Zu5qL8JPndoONqa
d7Q445YD6yGQafe9qqG3/yMxAqI5etm+2/9MvRPawp1HugOpmfgJPEfBFQBdWDbL
vpv3GeIpgharO4HUITV9/WXZGuo/bFyTejN6f0K5M8ieDkb4t4A6pqnR3D9L4KZj
G8J1KC8UHk6A42QV17mBLNNGMzuRyTEBCpP0UFcYkWhgRAUtkyjyIdUcoiWPZaVw
+8G3DLRswDL8dACZ3TCFWZ5Fp0lpRiWnpykKKNIcUzfPhz4eRJ+vssno4q7yQYau
VaH4395KaB2JbAX+Tb2rP3y4fmKkikK5iZ7xdJKJSabf9REgxzeMI3Gp4/TNHfHs
b5G7VXcEqNUIeYn4OVjPPdkRhF3KOHPoY0mWNA79uM/V+ZjR7e/nSUPp9F7aocaA
QVnTRoKu1q9wz1kyaPS5I42dk55atM+mLrq892f2pZdH8Vsn7WW8vp0KnLo8Zxfu
pU2HTmKCjGVdW3McUKJ8GU/DKlkpG6Snb1S1bvcPfkIJz9VYWkCkVug7mJJ3G5/s
gwp7Y75JIzbPkeww0tXWA/Nf+LSGekSWpt5LdqmtP9Y3jUCtweHoemhcnHSyx2QG
YSCotfrv/GS0NstRjUk422ZQiPYdkFTmK47pR9nrd7kH4OZALA5jE0WXvvUMpiRP
K2p0AHI3SqmOtCVWCvsBBRYx82carwhEgehLHgjuU61m4UD6iJ/bT2JLSp3fBpQR
FP2GFWDpnIoEaOuLZ6rA4VTYn67I6jXBiG6V4B21fuqY4M7Mn06C3eHtDMVc6lj7
FLqt+a2CKnnG+TKIim4H+8YgdAd7g9dlukh9YYxXRpIeZfRM25y9zd6sSYfWlCl5
PjkwujwvhY0p7NWRYlhdLUfNHycRPZdhrX5LUFs6wyIuMx31Z8XM+IFazS5oKsIi
xxl/zi+nnziah7QQamOsN8XFrzr5Yg98hO5oinTkX2hmRrFupyAVZvhQmROyUPbs
bFAjL0EYjt8odQXuWgi8BRGljkLKh9OrYHuNS7VrpnpDpk/hudwDv9zQi9VGROon
KRE3ELrJChQbkgu/pNgwrLoICjXN6sK5lQyqo/kN6AumdSmNen/PjagEbqV/Q0Fe
nu8PgxTBPR16lqW7A9q92l/tTBuOFuKtohtWJHXmvEKp6PqotYNm95p39b7As3lt
J+F5UG/Tlm5EpPZBeUE1SbwyUdOJJFBY0N7yV3MA2uJKhL+GAFZ0pjsq/pXYgBPQ
cQau+pbyea2tfwTbLkifUzBSQVjBBPlqkJomvE/DmMvSWbLc7GMSPrU57FBg0OzT
+H6Ew3rVxRRq8L7EUJZYUsRvkmnEB8E5stqFgWoz90YJd9LlgBiXCKWw0fG7rDyd
fwHhN6mdwXZQn9+MYs4EJ7fFOEncCFUH26AZ640CNt0oNWrFSCfF96M5cErkBIyk
twVy5H2zWhdDyNLjIptUYhrmaNAy+o+/O/blfYPkFNyS2uFDo83qsGR08pDD16CF
lYkL70idWh0dXxw7PLG2H7QarG6QHsbbHWt04hRHjJ94xPAeKNfu52Bx1iIu2p8e
CyRQLAod0wbUbBmX7wBHRJTOXJ+2HLJeDyf35E6XtcytU0RL6vc2prFpzSvBDdKJ
p5WdWltLNBLSCfN50P3SC8jIjNwAzm/OCn1HLl46MG8d6MK6RFjD7cyGNnwhMIc2
sn42pWeyzP8T/4KppzwAeUo5YE9/RX5TYDM5/l32IkNokrml1moEm6hCkUkOvvQ+
XdQ+UopnMPrN8Nep4oRvpdTbjwAXywDlcmEMq8BDzMcO9yblTc0CFMoS9190tr44
5pRaG5pw9fvsOMe/ill2s5x27hbCCfaVrjLJDuwEHngMNjzWY+AQ2oo/AoUDXD4I
mxABLGSOkT7PbXuppUxhU7QK4MhCr9lYNpSwJXjSTbxrixklubHiK8YTqjLnSgQH
sli1t6nb8jmZDKLWL67N8oW7q6g9Htn0MkHYBD3QK7zWJd1y+rwXag1U3WHzuItP
NfsygXRIDo4cUl9jgyadp1PUStJyR8Zoyq84PS3B5lCs+hs9BI4V/kkdMpS92C1J
DLM4xZgfnsZtelZUNOfyIyXNRYV5lLmy3RGCZ342+opZX9cGsbJcm+tU40xc6ldK
p/Knt3AyIAAIsghpLWRAvge39PjCXX8JOfJomoxT2lwSNRbTteb7YcYdKnXpny1N
B6JP755D8oT2aIZfuwdRHz5WxqmOUwmfR2o/Yobb90CzBeuc+coq+Yj7G+N2F0DM
e8DZ2laU81NpEaFkENbjYsQv/5pPc+wiKhJ7Z3Cf7BX3YonAmt1vvhe2qh4t1q4B
O0SC+7SwSfz7/KaRiHU0QTqZkpGnDbjZ4tPo+DdfPx98Soeo2jIR/BLHcEyuO5zL
O8q7/s/6TQouJpeKVOkXOKPdKuJodx9vPXarP9FDy5F1fhFrwzTGxprPtTUGd/ZW
5AIKzwl2u9OJQz+y0DVooyJcIlqQ7kM+f5stdAjhQNxfp5/6e90PHBWiDamz4RNF
E4mijvKvs5I4OATr5hAywr07oTg8f+T0Z8JWxmpnaJQSYDCbo61iQWBFEEvptnjk
CYleW403NUGHUmbqjUvdh1n56Ln7cBUfMHMAg2kL5dR8BpR1wWd7y1TBOF7FUpD+
P39C7tqCe2DzR/q87iyrF8lCkMnW3z4v6aYHj52qdvAAs+rqn4+KQukM9M/tshYh
EINW1vo8v3xTziVh7DtRmWaCuBWTKASaG32BmnAUslsO9CQxEWc6a9dyo1ku/LlW
/NqkrPC2QELUJSr+2tMDcGGQdYxRlRIHpdQy7Jugx+GCuA2UvTWpIdcw7GzwujAL
e/ngomS3lIDevlA7Ko6rAHQIBuu+3iyD2aMQ4UZO5UP/5ZyvfKwwVzz5k1RREPhF
hBlB2VezOPxIBBB/LhhkT5NkhS6mBKj/hVM2CfCaHkc1kZzNdrYTa2aUPjRmyNhs
kqEVPFhoxCr9pONYiIDTExNztKo3gfk31no3AKk0UGKOyOfG7vzcLYe9A4j6sIx8
8xMjstjWppCxAWh61oqn5DgFJL8ZMrhxcNNhi4vhOIxyEeRUtjLKmj1s3jDJnBKJ
LsO4t89yQ0iJC1I84B+rZHLNwjDrME9c3MfyuoPjd5A1eBrrv4Two+Vpnhn17cyn
Euze31DISDU=
-----END FGT VM LICENSE-----",12QWer,10.255.255.2 255.255.255.252,10.50.1,10.255.255.1,Forti-Dealer2,5,18.159.11.7,1234QWer2021!,65501,10.60.0.0 255.255.240.0,myvw.local,AA:00:00:00:00,D3client2,MyLinux1,420,AA:00:00:00:00:01,"sudo docker run -d --privileged --restart=unless-stopped --net=host -v /etc/kubernetes:/etc/kubernetes -v /var/run:/var/run rancher/rancher-agent:v2.5.5 --server https://mcm.frankfurt.cc.europe.d3vw-i.com --token xsqxkkqbc9zjvpx89hv6bjmgrtdsmxx6xn7thjntdbw2cxgx4d5q9l --worker
",D3client2,1234QWer,420,AA:00:00:00:00:10,
000618670574667,MyDevice3,OneOS-OVP-X86_pi2dev-6.6.x1_3.2.10.1,OVP,OVP-X26,Demo-Group,Admin,MSC_4_DemoD3-8,"City of Brussels, Brussels-Capital, Belgium",4.351697,50.8465573,OPV,65,https://onemanage.ipsip.ucpe.net/OneManage/bootstrap/server.php,10.255.254.2,24,10.255.253.2,24,"-----BEGIN FGT VM LICENSE-----
QAAAAFhx6Eye0YHteX3uzZSmxF2FVpWLvh79vPp6AcKKYX3Kw+LZJavZDsp1T2UQ
cUXt2yghjSnOoukJ2BGJ83HEUYXQGQAAEzO0CsuQ0hK+bEFQHeItCefXZVCEqx6k
2askAdvuQefeGhu94YAcOXDqjS350Wdjb5R3/OpvGrOVAz1/riJ+T4Pkq7ngwB1W
KkNDOQ3/1/nR3wyUGe5pu5EIDocC0WCfd00gev/JREZBHJs9M6TdijvgDqculd/I
Q875Cm1H2WDINJohCcmE76XIyTxb379vup0fBbjBPKrbXErLqRPlMEYkIlcxoqLh
s4tGzIBBgL1Hhs1rXKS86++R2LRbO2R2jFYvM+x10r+766kLAdcSYhfbc4c0zoH6
B7+sBcSM5XuomWzSW3OvpNvJP69MsIk0Effd3yqXmVfPgqdks1UzWAFrrWVRQ9VA
4kZKKr0nfnaC2XDqIe8552jHMekQTTbjlnFlEineDBB0Xrlb1zZOXzqIo+vR8zzv
vMnl3wiXKDNu7jdAvo+vLOZVpadWbu9rCuN3+Np01a1RghfQt8+DU9Oi1O6HLl1Z
NnilMqW9ZmJuiGG7B1s4slf6lVTSWIxhnYl/FyP3QuoqlaOQnS3pQA7e6AUMS4o5
8o+5rvvR5NZWuW6gZTM6C33jcBgtm+HRNGWMi68fHo9n0xGNP0PNZwANbvLjFlIb
FecWTJsx9ZQHZATgEvGA05z/Vkfr80AUVcjRX2fUh7/cUtNSiz3DLayGPlnIbaxr
UI54+BanJ3bLp1/f4BIbFWcq6jVB5L0xUT5G957vqGR7QU1sWfmm/KDpt6h1RqGH
br3lw+0tl+r/aSIRRgFbL4vhk5G8EQXfigBO17VO25QLevgKnnzVrwF4I+O0u2BH
K3JyuyBIDAQEMPvFD7Y5+V7qz1sTizuN4HxrAg8HxV6TP5dFTt9lm/zmXpxF8MWY
87vO/aH+q19FAOzNYFNuJ0g59waicuubWS/MveZp9SFDQmPTV7LZeNdLZK9BBlNv
N6SOR8NEkt+5Pik+vININD25bokaYOoUd06l5ssrXntyV+UZHnsb9r3opIyzf8Ey
SIeO30Vw4t39fQWpdg/bVT+JvD6jYiPRiKXfbikuH5SnVHUFogvLlQQmLYXkZH9q
bBDhleEEZ0i6SKNoBB5Tu0Nf9dWMUywjLybBnUxYd/B4zENvdZA2jh4U+6M3jGtp
BFGhkNbMsI6EB1YxiMWtKtjODlMgYvTY5MF8/BMnjU0RJO+5NZR8/Ptnwo2F4VSD
ZJP5Xo1q1kYOV8K7DfC+bKvRjcUf8m8LAYd7NkSnTr+hWMAyG62xW9KHiB1F4wMi
Hazod9D4hfT0nzfuSsdETp6ApU39Qnen0KizgWEn8vjnlgHb2zDw8Cx22K/YJQnk
t1uBS1hoHABJULsrFNFOIJFtfY2dPdIBN9BzoE6Si0Yr1o3l9ZISOuxnFBsY2cdj
+utboREnNrN71upM5BpynJNTcmTegGu61WBP9c4wiHhxVlOodC4D9SC6jUFmfDGT
hlnImKDOFxuxpvM8U1X8sRIUyXp824qFXwMCKxmDkn9a8yRKuTSkr4koCISPz5Tn
A6kdP2wVuQ9DPPBijdAUzhNYWn9iCFJNby97cxa5SKhzR/P0qPSFOn5Txw/+ewjd
2YEYhqubiuB++u1/MIJVnsaQO4kQtzrgnJkvE1c85ZM+GOF6eLYDubDrQ29dDuAT
km9aJNVvZZtVc+myX8Y8hQNx7NFmEn5mj5R5tN7pN93PubSGzVnLCsLeQnuLaNwF
iAqPLHFrAFmu6gj5zc3MByPsTzEk4GjqlvEdAw0M7qIvnyEdV2NK1igLZODJcSKh
EaCUaznigL9LjN0LR3AK259/UEp23MZ4f4NmORfWqCCcMpvngSDiABF23tPCPs7G
DsYkYCcSOaSRydfmxfPE2/kykVbtP3nWqfJuPybsjRPbh7D4yNNed9vtCAXuGjWs
0PDVBVbbBpocGYjT+4tb8YH5ItY/F46HhdVgswSdDGfSLebGg/QBzn8GGxnvE0sN
O1jXlElr8WrEWKhBzzex8sd3TOJTBQW3dtYwhTbN5/mkIdj+108TWu+CIG62/Tv4
gr7Qq5TpcvXM3kElcTWqCxcpy044QdA7YgIrw233oEQ6RLJv5LvJwwOjhkPMYK1D
q56U6YJeKN34xTMzZdhRGQ77ZQVw66o4RKyS8d5jMqESNL3cTbKFPA/rv+2Dq17Z
6gjGC8WR6SJ/7utKRUrDpow0BSK/CC9nwz/qx2E+NWcTmsorQudxiYgKTMAq/0kD
nCIjcNtQJIcBhxbJjT6s9v/ClsaKIE/Tsq4Guhk1CYOB45SKmwQAMSHswP0+QaYP
McJ5KEO9vgcZbUDyGSU6PLfJZ82NKIt4+BRmQEL6HPw06EYbM1KtQYzLROFz7B0R
iPiyhWCY+ZqbNFVnWoJe/eB5E2wPGhM4ng5X7wF1WhuWQGP60SanxJLw8GDT+A3X
mEGu6HvUY8le1IwzxzsA4+8wTxOMmloQ8iGCOTSCOiwQ66yOKvrkzrcWWT77B9Bz
bvSy2BXGIJGg9rWuR/o1EvNBEqVaT9Gc+9LdDVABYptI9Z7xYlvAAW6QmafmxE/l
wfBRzJ4aSYfBRofWePoKv2wGKNzTP0TXBt8g+BiYB8fHZOwer0z0RqZsr7DH32dP
NR6obCS1ZV8Y3zO06Gslxj0W0x6FEU/8LcfSni80flOjCn8RgSGa8Rn5Ia4RczMO
1GY90VfprbNqGfAzZhzRLIdXya4A44pxXn0U9EUqUqKdF7eINKeZrKjFBOwJM9Vf
WBfJW+43OGotVvIWFO/1MbvJIfaMtMgIbdCp3En6CzgX675Y76uUJ9qcUCqIcAKa
GMfUNG70sYwvalSUALLSGFg8SzfwAjqokqNJ8p9lgw9CXKK5NlXxBIFv5MIUCOAS
m9gJTkSfhVH8xEANYR68wki5KkYWl3PFpZcGqPlG0ojTo0u441Gss+Op8TuzA+NP
Dceev0M8CgeMiSpI/0UlJlyEdwEqGfAnZqhscuE6LbMLUkDFWxdUnrkVd/pMQOR9
jBaeXT19VhV0JnCXkbyrBEfYVIIHQL61X7BxzrVKm8h0TyUtqxanI3bLHyWv3nsk
pa4o5GvkBMC1AGtMuODusEPqTga8rA6WLX9Hc91MEkksMh5lTbSdp6tImnqKuIdd
jtmv/QSlu1oMSnyT0tnjiONlaCB+0V9pEoO78VVfzenhIdsmQCGXuhpPJ+ZKLXxE
fojByDvcH3LTBjtSxFUDnAibnRy9FQ6w6epIrPLv3c4JxIv8wbNH8pLNhsLj9yMT
nrcu35jtiKrDNd7w0nIwwkITg/H0uADR7VxZ0vBGk7w505LcYfEREZ23BnJiq5x0
S/Sq8ZQYukatUKiYlk2zLHCtfS5VCGzIObkzLsIJJOx1/gN9ULE4ArezTZUJp/9M
lF5gDqvsYrg7XGblzpbvia6f11a3E4iZj9Z9mZvXV+Ekpv0V8rqhu+yNXINzv1oP
tgfkH6nZ04YxFSzEXCsVQwn2FiVnxr8oPgl+pnYLW49ps9O0zw7NeKwdMOAHIVuZ
SwwcqjNL1oHeL/2WuJYNc1TQlO477gfDmTpnuEdJYjZ6NP6fve4gQqM5g7XP6RWR
IfAWg93XKb74oSrl1y+xau5sPGHUeMUirWEggXFGZ/EyUyZ8I56EORRjWoHahXI/
XQA2S7SyZD6ODx4mDWntO2yNO946pO6NQM6DzgHDsgJDuu+09q01A9NZukI0wFJy
0O787SjJ7O0Jv+iFIfMKRlZwKsSSzr6zYlj8axzeZn8iJCoB7TfGQJMeCXTzqgH+
Ts7Ku+MfPJpWeri/cksSH88W/cHF8DB4xFaKytSeEMJqdIQpXP4aYKkd0oHAdnW3
PYGD37Scg8JYrI7sXOjyT7AWDSIVLdJuLIKFMUe1G4NxC4zoU6WzS1mYoDVCml+n
jkiffLOG9Pp4WrJltMkSCg1nap0bHTCPd9Urd3DzHvsHOhTmG4H5ZS+cUlhPXXcg
t4NiqmFwXDGNudOHdhndvCCS+vTFJ/vz91Kx6WvPH28u6xe5SmKQCdtUDOSRXndK
XuIaEXUSSBkXJueMdX9hj1g7uElCgOIz5emiVRKFXW9BL234A7LR2dbKA3yhJwzu
Om6ITWn/fzr6NwxxRe3Fa5tRZig8gEdEEFF4M6Wk/0YMbgsI0yxd+7ISDkvRmtqP
IoiMfrQvenJ/EwhVPrGHTStiMJfTlOyG/2ld2m+aWK65fVB1rZGSlVkgNiUgijcR
eIf/WhYv72yoHsQ8dZV6Ca8ge0HUU3UUM3ssXUvJasS4zmFxJCotoUKoIUzvwEpc
SW4c90HCEThuUxzCgskkq6cCH2hMdkkS8y3l+7gTp2nC8oBkF3GjCjLQOtuLqI/l
tnM6ZkdlEOFMYCyIEndmk+QFyMNGi9XZwATk1Yk/fYZ08CqIuwYI7OZN7naIH4il
9OZJ8DDlGqtTwPqkQDQiymYZJcDg8KLobdkDarrAPkqIFB7YEZlAWPZyRq/wItSw
KNeNyLwXyEusBzVDQACSYtbFMyl9O9nMivCGhXBq+qBFbIb9su0eegKB2x7y+jka
L4wDWgRDX5W7FTSWUz18/21xumROM/YNpEOqMfep4k6gD5sIeQK7btSogFlIVY94
hchmd7eDlnXT5HG81nhqXOdSM/CUgcajnzgUPW1k8QB2NjJm1i7Z9JuhAF2NNaoR
Bz3JV7fTrM++/lAj7lINuSRItFUc3P3HQLSLzk0jVXGE6te0iKr9JE2+J5oZluQh
Kw5k7FvbOXEsVdp4ShgnNr6g+wmCqD+664Pj0ITW/I4LfModVVHSr49+kUw6XHOP
6AftR7TUQA1iVpdXlmYcdNqAsiDDM9gaqB2q3Mqgv8jXCVyVkq/wlUARJkW6moA9
iuMZzQhjcUTpm2Z0FUUAKc7myHPEzP+FAENga8MpMqGkgdyJuh6WyoB1ZSvSvx6A
U9sLrVWtYiCiJrQItpZezpqB7Y+v7i+o/d1BNlN1eX96K22QfOPRIuidNPkrmfob
QfOOtT0ioPX4G4XA7wRxjOpk6iRmWIn4MX9UGI2CbFOd3DqEOGJAGkFx6yEXmtW0
FyuNJVbBwqF7OF0oFck8CCRCNTYOlKDWLg3MiONDWYXcHJ9gK3azXLVFGdipgZSO
8tpOO/EMGue35KVhkWE/brIUq5FgG7FttcOY+MNsXkG8oZzuAXPSkmNuRTfo3Nhk
QsDA4J4WIC59Q1idj/TBh6Z+uzcYvtThV7jDZzzoIKJFYkgZKq756uGegHBbfBP2
LRqtyfw4AMHK4S8UKWxxZfxkYAbWjC9hF1HcUl4x290puSbBa4gWCRerLSVfr63V
xnIh8gKaxjCwfbY8Ve/t4hj1co7smbmaZ+6koOWUPQIzMlPSHh6fYuj/MqOW9Jno
cCcMamiyJhtQ9UKfVhgg5NokXZavZBf4ayvWs9rP/vcC18QiQ6jUqCSEIm4ITmWB
eDBgHDkS9p3uobo8wAJAQXRoHWNGhm8yEkaDdQS0wTOdNcb8JFH2D1YjdOQCzIPv
KAkcl0FqgN7K+aDVjqD7HYqIcTOfNQTG1KCgitwTRFhS8ekFkGkM4mb/zBBXGe2N
lvralxQL2V/qAZRHN7+ysXLuTUQjQXp2KIzd4yPVZgxkZkXs9AZl4h/eF+jVh8SZ
vVpmW4vgJOGk459qv9cg+vBjYOQhd8iOgRNFX52hUQlfyhlrCKGD6iiT39oqYD3H
+emJtnLo86pi/rO3OwYYVuA+gxf4CtsGKtpcwGDsoRwTR4KPDLbqe5G3j7fi21Uk
iyz7Hl5THtUCJfzLDdIzUA2xiOfId3inti+dFwa8ermzwH+gcb4FWtk7YlSI9agC
d74qyjgG8/yREX88dv1XNOMIjj0Twa6L+T/S9pIkP+3L7S62+n76nkxknra9nC5v
5kprjtCqadSper3DT4MhqPwMzGNn8XMpeWgPK8hQ4NHTQproRRRApT/ChBTurmXd
Oj+432kiSDFl7fqcy+deporyuFKHf1eydPK5AZQ7Vbwuj8RAuM4fSeX9TB+QGnPV
th9Sfrwwo62Xe71ROzgYmMV1lJAAdBo/1wcoXTx2sYF9tJYd5cp5TJZUjqqIrE+n
E+aSxa86dVuviKVjonauhi/UeHErHtH7aq4YoiBZiI1DYgTW4OdKJPOegzeJgrwd
NMj9uS0Avsh7MB3ffp3y9He/wEwYkop4/3SwA0Gp2xWY/UQlQSv1Mz94nn7/QKho
HZt6628Ug8icoLC7GkF6Qb+elQNYIhRLpoGyJ2HSQ5f3lsZzBySx/I/qYQv3N1vh
kcIcn07sKHd7FsA6mycgIPDEWKNsygLkw095g2PYFukG6qfFrLVewujqQZY/pTaZ
JrgSDO9BPq/XoPWDGXJlPdpKjXwuppkLmAEf7mM9XWn4s2ucEq0PcWELj9Fct/4V
1DGjETymCe3IO+BA4u5Zmjb16aIHZMPe/dN0ylWC7MwapO6Tv6umUDCiCcr3POIt
Ox1jjh0SEdmnLkRYlJ6/dgZVyKPBU9f6Wu9EvzjZKlwE+wS0eVmRjYA7Q06zRDDy
VVVEx5xd0jEx23Wz+TMewGlzcE6Osb6zrgmSpGz780I8BmRkKwG/S8AhFRuHo5I/
26niYwRqCnT9Wg7/pChFeCPiRZEnulLdS2ezRED0b5IHdHV76vFcN0dHjPZRnTD4
aaoFi5y4PDCupNfOidDZPizSG0P+dB8gpjkmwyDAbG/Syu0o9v6pBHWyT2Jb8X8i
7u9Qp8+n03LB2kfYxgaj6U16StX7NL2UQZnbTaMmrek2QpRBZbL2QFX2at8t3vGB
Gus9zk5HGjQH+T5ll4aDA4l9Wk+bilrRe7cGF1DsFRlArqvIu8HMzIZjpiuku2RP
bycq8c8wutScqZ7glnCFFcac8bAWarxPnV+o3q31bIVocrqeIXlIlofAR9p7C/XN
lo6Scq+Ei/zUrmklCoxCvZWuyvQ04UDZUKCQPZUqFSjGdKuMZnTy18lI0kDZ7Ly0
LO5yRKmlIl0yk2kEizOV+yC5ZxRTLBlwIV/1IjSqzmcTA9nOEHsROmtmPJ6NjBVR
BR4Rxk8HULhMbUyLeLxotGAJzhUHXLS1goByFlmU5n2RpmiYriUVWZDlNsmth+uB
bKoAi/epGz226pR8REVxODd9AYbGSqy3aSLJEZi8urSAJwI4GobcgoJXzu/eS94F
Iks+tPe1DmxF0zu4T9/xX38SjR1/l8KD00OFHa1W15mfzyTBffMujwLqUPpw21W8
3l8Ug0O7GgywEqAdXSUXslNEmJFPbCipvJVal1zX+0rE6/SJiEzuZOOAxt514s9a
6C+d3rZVwkI+vRp/ctFcO4puqMywu1XcDPJKcNHhbYjS+eDe2CIis+iV4z6vRJ1Y
JsIaRQet4VvFHXfXQmwtUAk7mKQEjNYI+PA0+DBEV1tldiguICd5G0/I9UorOhPd
frNn4c1qtVM2jJJaY9HbjljIUHnD16/mPFttN1TTrDD2FXjWx4goVNZ6MvGJ0sJV
gVeh3l9e89D2eqbpI1OZEdt6ruzIZ2Wv6U4FfeWV1hQiukvKG8XaTROgz69O4E75
m3Q1bnnoZy+U8DmZrEkL2+jlYHgpRIteQc1q8F+32X7E3eGmG2hHEjeMr36/gI8n
uR9qTbVblGcAgMCYtM/gKiWRNK7EYx8+BlLYJD1iCTtrkHhhmMWlEaJu/mhzbN11
Ds3Z3Sv6bTlBhgnlPV562BEW8jwjU70m24pUx8w0K29GmRBu6L28iOt9MueJ9a8s
8DBBkHK+JplTDZEtNE2RAotomm6TL2heLOnnvu8+St8p0VRQUOcEpEFPCFHaB0cT
Yk9a4OJCYksLizmxBQcDRHja9PyFjmd3Z+tsmtMpizU54pEfWVIuwkr6DbalLe1O
tQYQyQq78nZHGIPjfKB91N1/F0hWcALWcVU+D7AaNKWE2RuaIc+WmJrb9iYCaKbh
1voMyOo8/fZwsPJ6RDyW5Fo4M5oK6cDjHYEvYUCri5vo1s5qRhLmWq/4DNr7dXs1
zEpku9xM/9KAuFB16brmY2XPmnbZ2+WyszbXq7dICUa7EqV8HCaycwHjWc+3Xn+9
XuECCc6hMe+wqmJF/XoUrbjktB6wu0fucu0VBzxAV1ne7Aj87pDcdzYt1vggNbgG
WvFEEKgDADLJZyzQSUMXPebThG8j1fyDJsGK57/+/igLVcjc8dY4exYAv69TZpCV
AvqPC7uhID85xzsj4zCGWabDra6hNf7r3td5j4rp+J5TnFaZn+cU92lAY8ST0xdA
2ZCzlg5j/Ebkl4NbCK86p9KOYi5HJa1KKyUu7mBNpcz+EL4mc/Y1WORjWS99iPe5
TBrLw5KMpKQg95DKw5NRbkc3mYu0zh1k5Z8nVwS9aChkv3lplGoRWcZBISePHSw9
bXvn58/Tp0tijcVFtlUMW9Dv4Bp31Rvjz5aO6uHgSeWTF6ZJxk9oxSRzLhimL7Zf
gA9lqKSnd9tb1SLczZVeUvuBQCuqyrp+IhM628/lm2Rzg87FJNOlntzvHOs323fk
lckL7CTaBSaINKpLgzOioVqnqMH5CvB5tB9IMFEJCmEWwxZBQoU+2f8OkrY4b91A
ainFhIcwp1vKfynD2p6Hd+3Ur7TkMtsycYdKbP7H4NyKzxaVsBIBR3QoUxp9Vdug
ipesJkhI9aLzTlCeuGeYkiMNvh0j0NCk/O8cZ/Cy4xWETnxcdRl+zErs57iMOL/r
qdMNi9eeC4SIQA3Pk5+mfXdgawQhk3F7CMFvalM//uoZINhfve5dXVv6rxTcXQkd
/88180fRQYXlj7ZtevER9a3pw5CFbi82xolPUYfivZTQc+tVI4eSokSZVuZdd6gy
Rxb3wWYNeX8=
-----END FGT VM LICENSE-----",12QWer,10.255.255.2 255.255.255.252,10.50.1,10.255.255.1,Forti-Dealer3,5,18.159.11.7Â ,1234QWer2021!,65501,10.70.0.0 255.255.240.0,myvw.local,AA:00:00:00:00,D3client3,MyLinux1,420,AA:00:00:00:00:01,"sudo docker run -d --privileged --restart=unless-stopped --net=host -v /etc/kubernetes:/etc/kubernetes -v /var/run:/var/run rancher/rancher-agent:v2.5.5 --server https://mcm.frankfurt.cc.europe.d3vw-i.com --token xsqxkkqbc9zjvpx89hv6bjmgrtdsmxx6xn7thjntdbw2cxgx4d5q9l --worker
",D3client3,1234QWer,420,AA:00:00:00:00:10,
